מבוא למדעי המחשב,0
תכנות מונחה עצמים,0
סדנה מתקדמת בתכנות,0
מבוא למדעי המחשב,0
תכנות מונחה עצמים,0
סדנה מתקדמת בתכנות,0
מבוא למדעי המחשב,0
תכנות מונחה עצמים,0
סדנה מתקדמת בתכנות,0
מבוא למדעי המחשב,0
תכנות מונחה עצמים,0
סדנה מתקדמת בתכנות,0
מבוא למדעי המחשב,0
תכנות מונחה עצמים,0
סדנה מתקדמת בתכנות,0
מבוא למדעי המחשב,0
תכנות מונחה עצמים,0
סדנה מתקדמת בתכנות,0
מבוא למדעי המחשב,0
תכנות מונחה עצמים,0
סדנה מתקדמת בתכנות,0
מבוא למדעי המחשב,0
תכנות מונחה עצמים,0
סדנה מתקדמת בתכנות,0
מבוא למדעי המחשב,0
תכנות מונחה עצמים,0
סדנה מתקדמת בתכנות,0
מבוא למדעי המחשב,0
תכנות מונחה עצמים,0
סדנה מתקדמת בתכנות,0
מבוא למדעי המחשב,0
תכנות מונחה עצמים,0
סדנה מתקדמת בתכנות,0
מבוא למדעי המחשב,0
תכנות מונחה עצמים,0
סדנה מתקדמת בתכנות,0
מבוא למדעי המחשב,0
תכנות מונחה עצמים,0
סדנה מתקדמת בתכנות,0
מבוא למדעי המחשב,0
תכנות מונחה עצמים,0
סדנה מתקדמת בתכנות,0
מבוא למדעי המחשב,0
תכנות מונחה עצמים,0
סדנה מתקדמת בתכנות,0
מבוא למדעי המחשב,0
תכנות מונחה עצמים,0
סדנה מתקדמת בתכנות,0
מבוא למדעי המחשב,0
תכנות מונחה עצמים,0
סדנה מתקדמת בתכנות,0
מבוא למדעי המחשב,0
תכנות מונחה עצמים,0
סדנה מתקדמת בתכנות,0
מבוא למדעי המחשב,0
תכנות מונחה עצמים,0
סדנה מתקדמת בתכנות,0
מבוא למדעי המחשב,0
תכנות מונחה עצמים,0
סדנה מתקדמת בתכנות,0
מבוא למדעי המחשב,0
תכנות מונחה עצמים,0
סדנה מתקדמת בתכנות,0
מבוא למדעי המחשב,0
תכנות מונחה עצמים,0
סדנה מתקדמת בתכנות,0
מבוא למדעי המחשב,0
תכנות מונחה עצמים,0
סדנה מתקדמת בתכנות,0
מבוא למדעי המחשב,0
תכנות מונחה עצמים,0
סדנה מתקדמת בתכנות,0
מבוא למדעי המחשב,0
תכנות מונחה עצמים,0
סדנה מתקדמת בתכנות,0
מבוא למדעי המחשב,0
תכנות מונחה עצמים,0
סדנה מתקדמת בתכנות,0
מבוא למדעי המחשב,0
תכנות מונחה עצמים,0
סדנה מתקדמת בתכנות,0
מבוא למדעי המחשב,0
תכנות מונחה עצמים,0
סדנה מתקדמת בתכנות,0
מבוא למדעי המחשב,0
תכנות מונחה עצמים,0
סדנה מתקדמת בתכנות,0
מבוא למדעי המחשב,0
תכנות מונחה עצמים,0
סדנה מתקדמת בתכנות,0
מבוא למדעי המחשב,0
תכנות מונחה עצמים,0
סדנה מתקדמת בתכנות,0
מבוא למדעי המחשב,0
תכנות מונחה עצמים,0
סדנה מתקדמת בתכנות,0
מבוא למדעי המחשב,0
תכנות מונחה עצמים,0
סדנה מתקדמת בתכנות,0
מבוא למדעי המחשב,0
תכנות מונחה עצמים,0
סדנה מתקדמת בתכנות,0
מבוא למדעי המחשב,0
תכנות מונחה עצמים,0
סדנה מתקדמת בתכנות,0
מבוא למדעי המחשב,0
תכנות מונחה עצמים,0
סדנה מתקדמת בתכנות,0
מבוא למדעי המחשב,0
תכנות מונחה עצמים,0
סדנה מתקדמת בתכנות,0
מבוא למדעי המחשב,0
תכנות מונחה עצמים,0
סדנה מתקדמת בתכנות,0
מבוא למדעי המחשב,0
תכנות מונחה עצמים,0
סדנה מתקדמת בתכנות,0
מבוא למדעי המחשב,0
תכנות מונחה עצמים,0
סדנה מתקדמת בתכנות,0
מבוא למדעי המחשב,0
תכנות מונחה עצמים,0
סדנה מתקדמת בתכנות,0
מבוא למדעי המחשב,0
תכנות מונחה עצמים,0
סדנה מתקדמת בתכנות,0
מבוא למדעי המחשב,0
תכנות מונחה עצמים,0
סדנה מתקדמת בתכנות,0
מבוא למדעי המחשב,0
תכנות מונחה עצמים,0
סדנה מתקדמת בתכנות,0
מבוא למדעי המחשב,0
תכנות מונחה עצמים,0
סדנה מתקדמת בתכנות,0
מבוא למדעי המחשב,0
תכנות מונחה עצמים,0
סדנה מתקדמת בתכנות,0
מבוא למדעי המחשב,0
תכנות מונחה עצמים,0
סדנה מתקדמת בתכנות,0
מבוא למדעי המחשב,0
תכנות מונחה עצמים,0
סדנה מתקדמת בתכנות,0
מבוא למדעי המחשב,0
תכנות מונחה עצמים,0
סדנה מתקדמת בתכנות,0
מבוא למדעי המחשב,0
תכנות מונחה עצמים,0
סדנה מתקדמת בתכנות,0
מבוא למדעי המחשב,0
תכנות מונחה עצמים,0
סדנה מתקדמת בתכנות,0
מבוא למדעי המחשב,0
תכנות מונחה עצמים,0
סדנה מתקדמת בתכנות,0
מבוא למדעי המחשב,0
תכנות מונחה עצמים,0
סדנה מתקדמת בתכנות,0
מבוא למדעי המחשב,0
תכנות מונחה עצמים,0
סדנה מתקדמת בתכנות,0
מבוא למדעי המחשב,0
תכנות מונחה עצמים,0
סדנה מתקדמת בתכנות,0
מבוא למדעי המחשב,0
תכנות מונחה עצמים,0
סדנה מתקדמת בתכנות,0
מבוא למדעי המחשב,0
תכנות מונחה עצמים,0
סדנה מתקדמת בתכנות,0
מבוא למדעי המחשב,0
תכנות מונחה עצמים,0
סדנה מתקדמת בתכנות,0
מבוא למדעי המחשב,0
תכנות מונחה עצמים,0
סדנה מתקדמת בתכנות,0
מבוא למדעי המחשב,0
תכנות מונחה עצמים,0
סדנה מתקדמת בתכנות,0
מבוא למדעי המחשב,0
תכנות מונחה עצמים,0
סדנה מתקדמת בתכנות,0
מבוא למדעי המחשב,0
תכנות מונחה עצמים,0
סדנה מתקדמת בתכנות,0
מבוא למדעי המחשב,0
תכנות מונחה עצמים,0
סדנה מתקדמת בתכנות,0
מבוא למדעי המחשב,0
תכנות מונחה עצמים,0
סדנה מתקדמת בתכנות,0
מבוא למדעי המחשב,0
תכנות מונחה עצמים,0
סדנה מתקדמת בתכנות,0
