Marvin Jacobs,111,1
Camilla Mendez,112,1
Arthur Lynch,113,1
Malia Stokes,114,1
Santana Steele,115,1
Rylie Wyatt,116,1
Sam Meza,117,1
Rosa Phillips,118,1
Andrew Humphrey,119,1
Journi Rivers,120,1
Bear Richmond,121,1
Whitney Walls,122,1
Larry Morrow,123,1
Reyna Brooks,124,1
Jordan Charles,125,1
Jenna Guzman,126,1
Jude Tucker,127,1
Esther Mayer,128,1
Yahir Benton,129,1
Anais Archer,130,1
Ephraim Lee,131,1
Scarlett Combs,132,1
Ahmad Mosley,133,1
Zaniyah Graham,134,1
Giovanni Cano,135,1
Egypt Glass,136,1
Allan Mack,137,1
Nadia McKinney,138,1
Romeo Solis,139,1
Miracle Owens,140,1
Adriel Miles,141,1
Alessandra Cruz,142,1
Ryan Hess,143,1
Kaliyah Griffith,144,1
Franklin Kim,145,1
Gabriella Newton,146,1
Santino Sierra,147,1
Marceline Soto,148,1
Barrett Perez,149,1
Eleanor James,150,1
Jaxson Hamilton,151,1
Mackenzie Garcia,152,1
James Rosas,153,1
Joelle Shannon,154,1
Eliel Serrano,155,1
Allie Russell,156,1
Weston Fitzgerald,157,1
Marlee Carpenter,158,1
Jeremy Pugh,159,1
Landry Hodges,160,1
Alonzo Sanders,161,1
Everleigh Patrick,162,1
Derrick Jennings,163,1
Palmer Alvarado,164,1
Andres Delgado,165,1
Alani Wilkinson,166,1
Leonard Watkins,167,1
Lola Wong,168,1
Walter Vance,169,1
Maxine Proctor,170,1
Vance Robinson,171,1
Nora Shepherd,172,1
Ronald Johns,173,1
Giovanna Brandt,174,1
Damir Ray,175,1
Ruth Klein,176,1
Marco Houston,177,1
Lylah Monroe,178,1
Colby Roth,179,1
Elliot Bell,180,1
Emmett Hess,181,1
Kaliyah Livingston,182,1
Ambrose Simpson,183,1
Anastasia Hanna,184,1
Aydin Thornton,185,1
Haisley Turner,186,1
Joshua Callahan,187,1
Kimber Brewer,188,1
Cruz Garrett,189,1
Tessa Parker,190,1
Caleb Church,191,1
Ayleen Gutierrez,192,1
Luca Paul,193,1
Daphne Navarro,194,1
Reid McCullough,195,1
Hana Garza,196,1
Judah Lara,197,1