אמנון טמסוט,1,1
Leilany Jacobson,2,1
Legacy Goodman,3,1
Carolina Middleton,4,1
Misael Bradshaw,5,1
Berkley Mann,6,1
Nehemiah Boone,7,1
Mariam Elliott,8,1
Blake Wagner,9,1
Maeve Norman,10,1
Aziel Mason,11,1
Sienna Heath,12,1
Lionel Marsh,13,1
Adelina Gallegos,14,1
Jonas Goodman,15,1
Carolina Jackson,16,1
Sebastian Galindo,17,1
Corinne Arroyo,18,1
Alberto Lawrence,19,1
Lauren Patel,20,1
Parker McDaniel,21,1
Dahlia Crane,22,1
Fox Underwood,23,1
Ensley Conley,24,1
Marvin Blankenship,25,1
Rosalee Stark,26,1
Kristopher Burton,27,1
Miriam Ramirez,28,1
David Floyd,29,1
Yaretzi Hansen,30,1
Charlie Wise,31,1
Mira Ibarra,32,1
Asa Peralta,33,1
Malayah Beasley,34,1
Stanley Olsen,35,1
Oaklyn Duke,36,1
Kalel Duran,37,1
Willa Wells,38,1
Max Rosario,39,1
Louisa Moody,40,1
Ryland Vargas,41,1
Andrea Dodson,42,1
Seven Cunningham,43,1
Marley Juarez,44,1
Joaquin Hurley,45,1
Rylan Medrano,46,1
Arian Correa,47,1
Valery Carson,48,1
Ares Ellison,49,1
Raina Fitzpatrick,50,1
Blaze Livingston,51,1
Milena Mullins,52,1
Allen Guerrero,53,1
Margot Savage,54,1
Keaton Hendrix,55,1
Zhuri Neal,56,1
Kane Morrow,57,1
Reyna Stout,58,1
Callahan Morrison,59,1
Rebecca Lynn,60,1
Zechariah Waller,61,1
Whitley Jefferson,62,1
Raylan Robinson,63,1
Nora McGee,64,1
Conner Harris,65,1
Penelope Fitzpatrick,66,1
Blaze Clements,67,1
Cara Hall,68,1
Thomas Gross,69,1
Angel Coffey,70,1
Kody Brandt,71,1
Loretta Quinn,72,1
Rhys Yu,73,1
Navy Rivers,74,1
Bear Morrison,75,1
Rebecca Blanchard,76,1
Adler Love,77,1
Avianna Benton,78,1
Jamal O’brien,79,1
Joanna Lynch,80,1
Zane Stein,81,1
Leilany Fisher,82,1
Gael Powers,83,1
Michelle Singh,84,1
Louis Stuart,85,1
Stormi Meadows,86,1
Wayne Reed,87,1
Valentina Choi,88,1
Khari Rosales,89,1
Kinley Gibson,90,1
Tyler Meza,91,1
Rosa Lowery,92,1
Jaxxon Klein,93,1
Elianna Peck,94,1
Yousef Weaver,95,1
Teagan Collier,96,1
Edison Blair,97,1
Frances David,98,1
Alonso Stanley,99,1
Gracelyn Jones,100,1
William Hodge,101,1
Coraline Powers,102,1
Sean Bond,103,1
Alena Kim,104,1
Roman Good,105,1
Nathalia Bailey,106,1
Axel Preston,107,1
Indie Hall,108,1
Thomas Ponce,109,1
Aileen Patel,110,1